"codeunivers","sum"
"COUPON",20856916.52999536
"U0",55234976.94000118
"U1",617844461.369421
"U2",191011310.9100335
"U3",221353867.58002675
"U4",427084699.7800561
