"codeunivers","sum"
"U0",52414068.700002454
"U1",622514691.519377
"U2",180391397.90002072
"U3",199862140.39998835
"U4",433208279.3600737
